Plate well,Barcode sequence,Top oligo sequence,Bottom oligo sequence
A01,AAACGG,ACACTCTTTCCCTACACGACGCTCTTCCGATCTAAACGGTGC*A,/5Phos/CCGTTTAGATCGGAAGAGCGTCGTGTAGGGAAAGAGTGT
A02,AACGTT,ACACTCTTTCCCTACACGACGCTCTTCCGATCTAACGTTTGC*A,/5Phos/AACGTTAGATCGGAAGAGCGTCGTGTAGGGAAAGAGTGT
A03,AACTGA,ACACTCTTTCCCTACACGACGCTCTTCCGATCTAACTGATGC*A,/5Phos/TCAGTTAGATCGGAAGAGCGTCGTGTAGGGAAAGAGTGT
A04,AAGACG,ACACTCTTTCCCTACACGACGCTCTTCCGATCTAAGACGTGC*A,/5Phos/CGTCTTAGATCGGAAGAGCGTCGTGTAGGGAAAGAGTGT
A05,AAGCTA,ACACTCTTTCCCTACACGACGCTCTTCCGATCTAAGCTATGC*A,/5Phos/TAGCTTAGATCGGAAGAGCGTCGTGTAGGGAAAGAGTGT
A06,AATATC,ACACTCTTTCCCTACACGACGCTCTTCCGATCTAATATCTGC*A,/5Phos/GATATTAGATCGGAAGAGCGTCGTGTAGGGAAAGAGTGT
A07,AATGAG,ACACTCTTTCCCTACACGACGCTCTTCCGATCTAATGAGTGC*A,/5Phos/CTCATTAGATCGGAAGAGCGTCGTGTAGGGAAAGAGTGT
A08,ACAAGA,ACACTCTTTCCCTACACGACGCTCTTCCGATCTACAAGATGC*A,/5Phos/TCTTGTAGATCGGAAGAGCGTCGTGTAGGGAAAGAGTGT
A09,ACAGCG,ACACTCTTTCCCTACACGACGCTCTTCCGATCTACAGCGTGC*A,/5Phos/CGCTGTAGATCGGAAGAGCGTCGTGTAGGGAAAGAGTGT
A10,ACATAC,ACACTCTTTCCCTACACGACGCTCTTCCGATCTACATACTGC*A,/5Phos/GTATGTAGATCGGAAGAGCGTCGTGTAGGGAAAGAGTGT
A11,ACCATG,ACACTCTTTCCCTACACGACGCTCTTCCGATCTACCATGTGC*A,/5Phos/CATGGTAGATCGGAAGAGCGTCGTGTAGGGAAAGAGTGT
A12,ACCCCC,ACACTCTTTCCCTACACGACGCTCTTCCGATCTACCCCCTGC*A,/5Phos/GGGGGTAGATCGGAAGAGCGTCGTGTAGGGAAAGAGTGT
B01,ACTCTT,ACACTCTTTCCCTACACGACGCTCTTCCGATCTACTCTTTGC*A,/5Phos/AAGAGTAGATCGGAAGAGCGTCGTGTAGGGAAAGAGTGT
B02,ACTGGC,ACACTCTTTCCCTACACGACGCTCTTCCGATCTACTGGCTGC*A,/5Phos/GCCAGTAGATCGGAAGAGCGTCGTGTAGGGAAAGAGTGT
B03,AGCCAT,ACACTCTTTCCCTACACGACGCTCTTCCGATCTAGCCATTGC*A,/5Phos/ATGGCTAGATCGGAAGAGCGTCGTGTAGGGAAAGAGTGT
B04,AGCGCA,ACACTCTTTCCCTACACGACGCTCTTCCGATCTAGCGCATGC*A,/5Phos/TGCGCTAGATCGGAAGAGCGTCGTGTAGGGAAAGAGTGT
B05,AGGGTC,ACACTCTTTCCCTACACGACGCTCTTCCGATCTAGGGTCTGC*A,/5Phos/GACCCTAGATCGGAAGAGCGTCGTGTAGGGAAAGAGTGT
B06,AGGTGT,ACACTCTTTCCCTACACGACGCTCTTCCGATCTAGGTGTTGC*A,/5Phos/ACACCTAGATCGGAAGAGCGTCGTGTAGGGAAAGAGTGT
B07,AGTAGG,ACACTCTTTCCCTACACGACGCTCTTCCGATCTAGTAGGTGC*A,/5Phos/CCTACTAGATCGGAAGAGCGTCGTGTAGGGAAAGAGTGT
B08,AGTTAA,ACACTCTTTCCCTACACGACGCTCTTCCGATCTAGTTAATGC*A,/5Phos/TTAACTAGATCGGAAGAGCGTCGTGTAGGGAAAGAGTGT
B09,ATAGTA,ACACTCTTTCCCTACACGACGCTCTTCCGATCTATAGTATGC*A,/5Phos/TACTATAGATCGGAAGAGCGTCGTGTAGGGAAAGAGTGT
B10,ATCAAA,ACACTCTTTCCCTACACGACGCTCTTCCGATCTATCAAATGC*A,/5Phos/TTTGATAGATCGGAAGAGCGTCGTGTAGGGAAAGAGTGT
B11,ATGCAC,ACACTCTTTCCCTACACGACGCTCTTCCGATCTATGCACTGC*A,/5Phos/GTGCATAGATCGGAAGAGCGTCGTGTAGGGAAAGAGTGT
B12,ATGTTG,ACACTCTTTCCCTACACGACGCTCTTCCGATCTATGTTGTGC*A,/5Phos/CAACATAGATCGGAAGAGCGTCGTGTAGGGAAAGAGTGT
C01,ATTCCG,ACACTCTTTCCCTACACGACGCTCTTCCGATCTATTCCGTGC*A,/5Phos/CGGAATAGATCGGAAGAGCGTCGTGTAGGGAAAGAGTGT
C02,CAAAAA,ACACTCTTTCCCTACACGACGCTCTTCCGATCTCAAAAATGC*A,/5Phos/TTTTTGAGATCGGAAGAGCGTCGTGTAGGGAAAGAGTGT
C03,CAATCG,ACACTCTTTCCCTACACGACGCTCTTCCGATCTCAATCGTGC*A,/5Phos/CGATTGAGATCGGAAGAGCGTCGTGTAGGGAAAGAGTGT
C04,CACCTC,ACACTCTTTCCCTACACGACGCTCTTCCGATCTCACCTCTGC*A,/5Phos/GAGGTGAGATCGGAAGAGCGTCGTGTAGGGAAAGAGTGT
C05,CAGGCA,ACACTCTTTCCCTACACGACGCTCTTCCGATCTCAGGCATGC*A,/5Phos/TGCCTGAGATCGGAAGAGCGTCGTGTAGGGAAAGAGTGT
C06,CATACT,ACACTCTTTCCCTACACGACGCTCTTCCGATCTCATACTTGC*A,/5Phos/AGTATGAGATCGGAAGAGCGTCGTGTAGGGAAAGAGTGT
C07,CCATTT,ACACTCTTTCCCTACACGACGCTCTTCCGATCTCCATTTTGC*A,/5Phos/AAATGGAGATCGGAAGAGCGTCGTGTAGGGAAAGAGTGT
C08,CCCGGT,ACACTCTTTCCCTACACGACGCTCTTCCGATCTCCCGGTTGC*A,/5Phos/ACCGGGAGATCGGAAGAGCGTCGTGTAGGGAAAGAGTGT
C09,CCCTAA,ACACTCTTTCCCTACACGACGCTCTTCCGATCTCCCTAATGC*A,/5Phos/TTAGGGAGATCGGAAGAGCGTCGTGTAGGGAAAGAGTGT
C10,CCGAGG,ACACTCTTTCCCTACACGACGCTCTTCCGATCTCCGAGGTGC*A,/5Phos/CCTCGGAGATCGGAAGAGCGTCGTGTAGGGAAAGAGTGT
C11,CCGCAT,ACACTCTTTCCCTACACGACGCTCTTCCGATCTCCGCATTGC*A,/5Phos/ATGCGGAGATCGGAAGAGCGTCGTGTAGGGAAAGAGTGT
C12,CCTAAC,ACACTCTTTCCCTACACGACGCTCTTCCGATCTCCTAACTGC*A,/5Phos/GTTAGGAGATCGGAAGAGCGTCGTGTAGGGAAAGAGTGT
D01,CGAGGC,ACACTCTTTCCCTACACGACGCTCTTCCGATCTCGAGGCTGC*A,/5Phos/GCCTCGAGATCGGAAGAGCGTCGTGTAGGGAAAGAGTGT
D02,CGCAGA,ACACTCTTTCCCTACACGACGCTCTTCCGATCTCGCAGATGC*A,/5Phos/TCTGCGAGATCGGAAGAGCGTCGTGTAGGGAAAGAGTGT
D03,CGCGTG,ACACTCTTTCCCTACACGACGCTCTTCCGATCTCGCGTGTGC*A,/5Phos/CACGCGAGATCGGAAGAGCGTCGTGTAGGGAAAGAGTGT
D04,CGGTCC,ACACTCTTTCCCTACACGACGCTCTTCCGATCTCGGTCCTGC*A,/5Phos/GGACCGAGATCGGAAGAGCGTCGTGTAGGGAAAGAGTGT
D05,CGTCTA,ACACTCTTTCCCTACACGACGCTCTTCCGATCTCGTCTATGC*A,/5Phos/TAGACGAGATCGGAAGAGCGTCGTGTAGGGAAAGAGTGT
D06,CGTGAT,ACACTCTTTCCCTACACGACGCTCTTCCGATCTCGTGATTGC*A,/5Phos/ATCACGAGATCGGAAGAGCGTCGTGTAGGGAAAGAGTGT
D07,CTACAG,ACACTCTTTCCCTACACGACGCTCTTCCGATCTCTACAGTGC*A,/5Phos/CTGTAGAGATCGGAAGAGCGTCGTGTAGGGAAAGAGTGT
D08,CTCGCC,ACACTCTTTCCCTACACGACGCTCTTCCGATCTCTCGCCTGC*A,/5Phos/GGCGAGAGATCGGAAGAGCGTCGTGTAGGGAAAGAGTGT
D09,CTGCGA,ACACTCTTTCCCTACACGACGCTCTTCCGATCTCTGCGATGC*A,/5Phos/TCGCAGAGATCGGAAGAGCGTCGTGTAGGGAAAGAGTGT
D10,CTGGTT,ACACTCTTTCCCTACACGACGCTCTTCCGATCTCTGGTTTGC*A,/5Phos/AACCAGAGATCGGAAGAGCGTCGTGTAGGGAAAGAGTGT
D11,CTTATG,ACACTCTTTCCCTACACGACGCTCTTCCGATCTCTTATGTGC*A,/5Phos/CATAAGAGATCGGAAGAGCGTCGTGTAGGGAAAGAGTGT
D12,CTTTGC,ACACTCTTTCCCTACACGACGCTCTTCCGATCTCTTTGCTGC*A,/5Phos/GCAAAGAGATCGGAAGAGCGTCGTGTAGGGAAAGAGTGT
E01,GAAATG,ACACTCTTTCCCTACACGACGCTCTTCCGATCTGAAATGTGC*A,/5Phos/CATTTCAGATCGGAAGAGCGTCGTGTAGGGAAAGAGTGT
E02,GAACCA,ACACTCTTTCCCTACACGACGCTCTTCCGATCTGAACCATGC*A,/5Phos/TGGTTCAGATCGGAAGAGCGTCGTGTAGGGAAAGAGTGT
E03,GACGAC,ACACTCTTTCCCTACACGACGCTCTTCCGATCTGACGACTGC*A,/5Phos/GTCGTCAGATCGGAAGAGCGTCGTGTAGGGAAAGAGTGT
E04,GACTCT,ACACTCTTTCCCTACACGACGCTCTTCCGATCTGACTCTTGC*A,/5Phos/AGAGTCAGATCGGAAGAGCGTCGTGTAGGGAAAGAGTGT
E05,GAGAGA,ACACTCTTTCCCTACACGACGCTCTTCCGATCTGAGAGATGC*A,/5Phos/TCTCTCAGATCGGAAGAGCGTCGTGTAGGGAAAGAGTGT
E06,GATCGT,ACACTCTTTCCCTACACGACGCTCTTCCGATCTGATCGTTGC*A,/5Phos/ACGATCAGATCGGAAGAGCGTCGTGTAGGGAAAGAGTGT
E07,GCAGAT,ACACTCTTTCCCTACACGACGCTCTTCCGATCTGCAGATTGC*A,/5Phos/ATCTGCAGATCGGAAGAGCGTCGTGTAGGGAAAGAGTGT
E08,GCATGG,ACACTCTTTCCCTACACGACGCTCTTCCGATCTGCATGGTGC*A,/5Phos/CCATGCAGATCGGAAGAGCGTCGTGTAGGGAAAGAGTGT
E09,GCCGTA,ACACTCTTTCCCTACACGACGCTCTTCCGATCTGCCGTATGC*A,/5Phos/TACGGCAGATCGGAAGAGCGTCGTGTAGGGAAAGAGTGT
E10,GCGACC,ACACTCTTTCCCTACACGACGCTCTTCCGATCTGCGACCTGC*A,/5Phos/GGTCGCAGATCGGAAGAGCGTCGTGTAGGGAAAGAGTGT
E11,GCGCTG,ACACTCTTTCCCTACACGACGCTCTTCCGATCTGCGCTGTGC*A,/5Phos/CAGCGCAGATCGGAAGAGCGTCGTGTAGGGAAAGAGTGT
E12,GCTCAA,ACACTCTTTCCCTACACGACGCTCTTCCGATCTGCTCAATGC*A,/5Phos/TTGAGCAGATCGGAAGAGCGTCGTGTAGGGAAAGAGTGT
F01,GGACTT,ACACTCTTTCCCTACACGACGCTCTTCCGATCTGGACTTTGC*A,/5Phos/AAGTCCAGATCGGAAGAGCGTCGTGTAGGGAAAGAGTGT
F02,GGCAAG,ACACTCTTTCCCTACACGACGCTCTTCCGATCTGGCAAGTGC*A,/5Phos/CTTGCCAGATCGGAAGAGCGTCGTGTAGGGAAAGAGTGT
F03,GGGCGC,ACACTCTTTCCCTACACGACGCTCTTCCGATCTGGGCGCTGC*A,/5Phos/GCGCCCAGATCGGAAGAGCGTCGTGTAGGGAAAGAGTGT
F04,GGGGCG,ACACTCTTTCCCTACACGACGCTCTTCCGATCTGGGGCGTGC*A,/5Phos/CGCCCCAGATCGGAAGAGCGTCGTGTAGGGAAAGAGTGT
F05,GGTACA,ACACTCTTTCCCTACACGACGCTCTTCCGATCTGGTACATGC*A,/5Phos/TGTACCAGATCGGAAGAGCGTCGTGTAGGGAAAGAGTGT
F06,GGTTTG,ACACTCTTTCCCTACACGACGCTCTTCCGATCTGGTTTGTGC*A,/5Phos/CAAACCAGATCGGAAGAGCGTCGTGTAGGGAAAGAGTGT
F07,GTAAGT,ACACTCTTTCCCTACACGACGCTCTTCCGATCTGTAAGTTGC*A,/5Phos/ACTTACAGATCGGAAGAGCGTCGTGTAGGGAAAGAGTGT
F08,GTATCC,ACACTCTTTCCCTACACGACGCTCTTCCGATCTGTATCCTGC*A,/5Phos/GGATACAGATCGGAAGAGCGTCGTGTAGGGAAAGAGTGT
F09,GTCATC,ACACTCTTTCCCTACACGACGCTCTTCCGATCTGTCATCTGC*A,/5Phos/GATGACAGATCGGAAGAGCGTCGTGTAGGGAAAGAGTGT
F10,GTGCCT,ACACTCTTTCCCTACACGACGCTCTTCCGATCTGTGCCTTGC*A,/5Phos/AGGCACAGATCGGAAGAGCGTCGTGTAGGGAAAGAGTGT
F11,GTGTAA,ACACTCTTTCCCTACACGACGCTCTTCCGATCTGTGTAATGC*A,/5Phos/TTACACAGATCGGAAGAGCGTCGTGTAGGGAAAGAGTGT
F12,GTTGGA,ACACTCTTTCCCTACACGACGCTCTTCCGATCTGTTGGATGC*A,/5Phos/TCCAACAGATCGGAAGAGCGTCGTGTAGGGAAAGAGTGT
G01,TAAGCT,ACACTCTTTCCCTACACGACGCTCTTCCGATCTTAAGCTTGC*A,/5Phos/AGCTTAAGATCGGAAGAGCGTCGTGTAGGGAAAGAGTGT
G02,TAATTC,ACACTCTTTCCCTACACGACGCTCTTCCGATCTTAATTCTGC*A,/5Phos/GAATTAAGATCGGAAGAGCGTCGTGTAGGGAAAGAGTGT
G03,TACACA,ACACTCTTTCCCTACACGACGCTCTTCCGATCTTACACATGC*A,/5Phos/TGTGTAAGATCGGAAGAGCGTCGTGTAGGGAAAGAGTGT
G04,TACGGG,ACACTCTTTCCCTACACGACGCTCTTCCGATCTTACGGGTGC*A,/5Phos/CCCGTAAGATCGGAAGAGCGTCGTGTAGGGAAAGAGTGT
G05,TAGTAT,ACACTCTTTCCCTACACGACGCTCTTCCGATCTTAGTATTGC*A,/5Phos/ATACTAAGATCGGAAGAGCGTCGTGTAGGGAAAGAGTGT
G06,TATCAC,ACACTCTTTCCCTACACGACGCTCTTCCGATCTTATCACTGC*A,/5Phos/GTGATAAGATCGGAAGAGCGTCGTGTAGGGAAAGAGTGT
G07,TCAAAG,ACACTCTTTCCCTACACGACGCTCTTCCGATCTTCAAAGTGC*A,/5Phos/CTTTGAAGATCGGAAGAGCGTCGTGTAGGGAAAGAGTGT
G08,TCCTGC,ACACTCTTTCCCTACACGACGCTCTTCCGATCTTCCTGCTGC*A,/5Phos/GCAGGAAGATCGGAAGAGCGTCGTGTAGGGAAAGAGTGT
G09,TCGATT,ACACTCTTTCCCTACACGACGCTCTTCCGATCTTCGATTTGC*A,/5Phos/AATCGAAGATCGGAAGAGCGTCGTGTAGGGAAAGAGTGT
G10,TCGCCA,ACACTCTTTCCCTACACGACGCTCTTCCGATCTTCGCCATGC*A,/5Phos/TGGCGAAGATCGGAAGAGCGTCGTGTAGGGAAAGAGTGT
G11,TCGGAC,ACACTCTTTCCCTACACGACGCTCTTCCGATCTTCGGACTGC*A,/5Phos/GTCCGAAGATCGGAAGAGCGTCGTGTAGGGAAAGAGTGT
G12,TCTCGG,ACACTCTTTCCCTACACGACGCTCTTCCGATCTTCTCGGTGC*A,/5Phos/CCGAGAAGATCGGAAGAGCGTCGTGTAGGGAAAGAGTGT
H01,TCTTCT,ACACTCTTTCCCTACACGACGCTCTTCCGATCTTCTTCTTGC*A,/5Phos/AGAAGAAGATCGGAAGAGCGTCGTGTAGGGAAAGAGTGT
H02,TGAACC,ACACTCTTTCCCTACACGACGCTCTTCCGATCTTGAACCTGC*A,/5Phos/GGTTCAAGATCGGAAGAGCGTCGTGTAGGGAAAGAGTGT
H03,TGACAA,ACACTCTTTCCCTACACGACGCTCTTCCGATCTTGACAATGC*A,/5Phos/TTGTCAAGATCGGAAGAGCGTCGTGTAGGGAAAGAGTGT
H04,TGCCCG,ACACTCTTTCCCTACACGACGCTCTTCCGATCTTGCCCGTGC*A,/5Phos/CGGGCAAGATCGGAAGAGCGTCGTGTAGGGAAAGAGTGT
H05,TGCTTA,ACACTCTTTCCCTACACGACGCTCTTCCGATCTTGCTTATGC*A,/5Phos/TAAGCAAGATCGGAAGAGCGTCGTGTAGGGAAAGAGTGT
H06,TGGGGA,ACACTCTTTCCCTACACGACGCTCTTCCGATCTTGGGGATGC*A,/5Phos/TCCCCAAGATCGGAAGAGCGTCGTGTAGGGAAAGAGTGT
H07,TTATGA,ACACTCTTTCCCTACACGACGCTCTTCCGATCTTTATGATGC*A,/5Phos/TCATAAAGATCGGAAGAGCGTCGTGTAGGGAAAGAGTGT
H08,TTCCGT,ACACTCTTTCCCTACACGACGCTCTTCCGATCTTTCCGTTGC*A,/5Phos/ACGGAAAGATCGGAAGAGCGTCGTGTAGGGAAAGAGTGT
H09,TTCTAG,ACACTCTTTCCCTACACGACGCTCTTCCGATCTTTCTAGTGC*A,/5Phos/CTAGAAAGATCGGAAGAGCGTCGTGTAGGGAAAGAGTGT
H10,TTGAGC,ACACTCTTTCCCTACACGACGCTCTTCCGATCTTTGAGCTGC*A,/5Phos/GCTCAAAGATCGGAAGAGCGTCGTGTAGGGAAAGAGTGT
H11,TTTAAT,ACACTCTTTCCCTACACGACGCTCTTCCGATCTTTTAATTGC*A,/5Phos/ATTAAAAGATCGGAAGAGCGTCGTGTAGGGAAAGAGTGT
H12,TTTGTC,ACACTCTTTCCCTACACGACGCTCTTCCGATCTTTTGTCTGC*A,/5Phos/GACAAAAGATCGGAAGAGCGTCGTGTAGGGAAAGAGTGT